﻿<?xml version="1.0" encoding="utf-8"?>
<phrases>
  <phrase classification_id="F+">texte en langue</phrase>
  <phrase classification_id="n/a">texte en langue</phrase>
  <phrase classification_id="None">texte en langue</phrase>
  <phrase s_phrase_id="n/a">texte en langue</phrase>
  <phrase s_phrase_id="S16">texte en langue</phrase>
  <phrase s_phrase_id="S2">texte en langue</phrase>
  <phrase s_phrase_id="S33">texte en langue</phrase>
  <phrase s_phrase_id="S9">texte en langue</phrase>
  <phrase r_phrase_id="n/a">texte en langue</phrase>
  <phrase r_phrase_id="R12">texte en langue</phrase>
  <phrase clp_phrase_id="Flam. Gas 1">texte en langue</phrase>
  <phrase clp_phrase_id="H220">texte en langue</phrase>
  <phrase clp_phrase_id="n/a">texte en langue</phrase>
  <phrase clp_phrase_id="Note U">texte en langue</phrase>
  <phrase clp_phrase_id="Press. Gas">texte en langue</phrase>
  <phrase ghs_phrase_id="Danger">texte en langue</phrase>
  <phrase ghs_phrase_id="Extremely Flammable gas">texte en langue</phrase>
  <phrase ghs_phrase_id="H220">texte en langue</phrase>
  <phrase ghs_phrase_id="n/a">texte en langue</phrase>
  <phrase ghs_phrase_id="P210">texte en langue</phrase>
  <phrase ghs_phrase_id="P377">texte en langue</phrase>
  <phrase ghs_phrase_id="P381">texte en langue</phrase>
  <phrase ghs_phrase_id="P403">texte en langue</phrase>
  <phrase id="state">State at 20 C &amp; 101.3kPA (FR)</phrase>
  <phrase id="melt_freeze_point">Melting / freezing point C (FR)</phrase>
  <phrase id="boiling_point">Boiling Point C (FR)</phrase>
  <phrase id="vapour_pressure">Vapour pressure (FR)</phrase>
  <phrase id="water_solubility">Water solubility (FR)</phrase>
  <phrase id="partition_coeff">Partition coefficient: n-octanol / water (log value) (FR)</phrase>
  <phrase id="dissocation_const">Dissociation constant (FR)</phrase>
  <phrase id="ph">pH (FR)</phrase>
  <phrase id="flammable_limits">Flammable limits (FR)</phrase>
  <phrase id="flash_point">Flash point C (FR)</phrase>
  <phrase id="autoignition_temp">Autoignition temperature C (FR)</phrase>
  <phrase id="density">Density g/cm3 (FR)</phrase>
  <phrase id="vapour_density">Vapour Density Air=1 (FR)</phrase>
  <phrase id="aquatic_tox_ec50">Aquatic Toxicity EC50 (FR)</phrase>
  <phrase id="aquatic_tox_lc50">Aquatic Toxicity LC50 (FR)</phrase>
  <phrase id="aquatic_tox_lclod">Aquatic Toxicity LCLOD (FR)</phrase>
  <phrase id="aquatic_tox_lg50">Aquatic Toxicity LG50 (FR)</phrase>
  <phrase id="bioaccumulation">Bioaccumulation log POW (FR)</phrase>
  <phrase id="biological_ox_demand">Biological Oxygen Demand BOD (FR)</phrase>
  <phrase id="carcinogenicity">Carcenogenicity / IARC (FR)</phrase>
  <phrase id="marine_tox">Marine Toxicity (FR)</phrase>
  <phrase id="mutagenicity">Mutagenicity (FR)</phrase>
  <phrase id="persistence">Persistence</phrase>
  <phrase id="toxicity">Toxicity LD50 / LC50 (FR)</phrase>
  <phrase id="WEL_OEL">WEL/OEL (FR)</phrase>
  <phrase groupId="1">Chlorinated Organic Substances</phrase>
  <phrase groupId="2">Greenhouse Gases</phrase>
  <phrase groupId="3">Heavy Metals</phrase>
  <phrase groupId="4">Pesticides</phrase>
  <phrase groupId="5">Other Gases</phrase>
  <phrase groupId="6">Inorganic substances</phrase>
  <phrase groupId="7">Other Organic substances</phrase>
</phrases>