<?xml version="1.0" ?>

<configuration>
    <mapIcon>com/esri/solutions/flexviewer/assets/images/icons/i_search.png</mapIcon>
   	<searchLabel>Where do you want to go?</searchLabel>
   	<mapKey>ABQIAAAAUW2mQvq4b1MjD8sCj8yQNBQ13J7MqkWh4kIHUpRRxYTvkCWGuhScyMz8r847_RJNHx3r2C2E4zV7Nw</mapKey>
   	<!--localhost mapKey>ABQIAAAAUW2mQvq4b1MjD8sCj8yQNBT2yXp_ZAY8_ufC3CFXhHIE1NvwkxRovzTeiu8AoKEs1Mi7wDu7ZNq3sQ</mapKey -->
   	<!--dataservice.eea.europa.eu mapKey>ABQIAAAAUW2mQvq4b1MjD8sCj8yQNBSGc7boT9s7sXUdk6cPlygc_nSixxQKCNa2X-Agc5VQMWIJ4G3dZXffwg</mapKey -->
   	<zoomscale>50000</zoomscale>
</configuration>