<?xml version="1.0" ?>
<!--
////////////////////////////////////////////////////////////////////////////////
//
// Copyright © 2008 ESRI
//
// All rights reserved under the copyright laws of the United States.
// You may freely redistribute and use this software, with or
// without modification, provided you include the original copyright
// and use restrictions.  See use restrictions in the file:
// <install location>/FlexViewer/License.txt
//
////////////////////////////////////////////////////////////////////////////////
-->
<configuration>
	<bookmarks>
		<bookmark name="Europe">-22.6746 33.7635 31.5538 72.7430</bookmark>
		<bookmark name="Canary Islands">-19.31825 26.2519 -12.5396 31.1243</bookmark>
		<bookmark name="French Polynesia">-150.1355 -18.2931 -148.6602 -17.0749</bookmark>
		<bookmark name="Guadaloupe and Martinique">-62.8261 14.2298 -59.4367 16.6661</bookmark>
		<bookmark name="Mayotte">44.7122 -13.1463 45.5595 -12.5372</bookmark>
		<bookmark name="New Caledonia">162.7878 -23.3543 169.5663 -18.4819</bookmark>
		<bookmark name="Reunion">54.7359 -21.7194 56.4305 -20.5013</bookmark>
	</bookmarks>
</configuration>