<?xml version="1.0" ?>
<!--
////////////////////////////////////////////////////////////////////////////////
//
// Copyright © 2008 ESRI
//
// All rights reserved under the copyright laws of the United States.
// You may freely redistribute and use this software, with or
// without modification, provided you include the original copyright
// and use restrictions.  See use restrictions in the file:
// <install location>/FlexViewer/License.txt
//
////////////////////////////////////////////////////////////////////////////////
-->
<configuration>
	<labels>
		<visibilitylabel>Layer Visibility</visibilitylabel>
		<transparencylabel>Layer Transparency</transparencylabel>
		<filterlabel>Layer Filter</filterlabel>
		<!--layerlabels>E-PRTR Facilities test:Faciliteter;filtered:USA Test Filter lag</layerlabels-->
	</labels>
	<showlayers>false</showlayers>
	<excludealllayers>true</excludealllayers>
	<zoomtofilter>false</zoomtofilter>
</configuration>
