<?xml version="1.0" ?>
<!--
////////////////////////////////////////////////////////////////////////////////
//
// Copyright © 2008 ESRI
//
// All rights reserved under the copyright laws of the United States.
// You may freely redistribute and use this software, with or
// without modification, provided you include the original copyright
// and use restrictions.  See use restrictions in the file:
// <install location>/FlexViewer/License.txt
//
////////////////////////////////////////////////////////////////////////////////
-->
<configuration>
	<labels>
		<visibilitylabel>Layer Visibility and Legend</visibilitylabel>
		<transparencylabel>Layer Transparency</transparencylabel>
		<filterlabel>Layer Filter</filterlabel>
		<!--layerlabels>E-PRTR Facilities test:Faciliteter;filtered:USA Test Filter lag</layerlabels-->
	</labels>
		<!--filtergroups>
		<group label="Year">
			<filter type="combobox" datafield="ReportingYear" data="2007" datajsfunction="getReportYear" condition="AND" selected="2007"/>
		</group>

	</filtergroups-->
	<excludemaplayers></excludemaplayers>
	<keeptoccollapsed>true</keeptoccollapsed>
	<excludemaplayersfromfilter>water,air</excludemaplayersfromfilter>
	<showlayers>true</showlayers>
	<includesinglelayers></includesinglelayers>
	<excludealllayers>false</excludealllayers>
</configuration>
