<?xml version="1.0" ?>
<!--
////////////////////////////////////////////////////////////////////////////////
//
// Copyright © 2008 ESRI
//
// All rights reserved under the copyright laws of the United States.
// You may freely redistribute and use this software, with or
// without modification, provided you include the original copyright
// and use restrictions.  See use restrictions in the file:
// <install location>/FlexViewer/License.txt
//
////////////////////////////////////////////////////////////////////////////////
-->
<configuration>
	<title>E-PRTR</title>
	<subtitle>The European Pollutant Release and Transfer Register</subtitle>
	<details></details>
	<copyright>© Copyright 2009 European Commision. All rights reserved.</copyright>
	<disclaimer>Disclaimer
The European Commission maintains this website to enhance public access to the European pollutant release and transfer register. Our goal is to keep this information timely and accurate. If errors are brought to our attention, we will try to correct them.
However the Commission accepts no responsibility or liability whatsoever with regard to the information on this site.</disclaimer>
	<pdfcreateurl>MapPrint/default.aspx</pdfcreateurl>
	<pngcreateurl>MapPrint/pngcreate.aspx</pngcreateurl>
</configuration>