<?xml version="1.0" ?>
<!--
////////////////////////////////////////////////////////////////////////////////
//
// Copyright © 2008 ESRI
//
// All rights reserved under the copyright laws of the United States.
// You may freely redistribute and use this software, with or
// without modification, provided you include the original copyright
// and use restrictions.  See use restrictions in the file:
// <install location>/FlexViewer/License.txt
//
////////////////////////////////////////////////////////////////////////////////
-->
<configuration>
	<layers>
		<layer>
			<name>Facilities</name>
			<url>Air/EprtrFacilities_Dyna_WGS84/MapServer/0</url>
			<otherurls>
				<otherurl ignoreIfNotvisible="true">
					<ignoreIfNotvisible>true</ignoreIfNotvisible>					
					<url>Internal/EprtrRBDs_Dyna_WGS84/MapServer/0</url>
					<fields>CTY_ID,NAME,EU_MS</fields>
					<titlefield>NAME</titlefield>
					<drawselection>point</drawselection>				
				</otherurl>
				<otherurl queryIfNotvisible="false">					
					<url>Water/EPRTRDiffuseWater_Dyna_WGS84/MapServer/1</url>
					<fields>AGRP_DIV_A,RDB_NAME,CTY_ID,NDATA_TYPE,YEAR_</fields>
					<returngeometry>true</returngeometry>
					<drawselection>point</drawselection>
				</otherurl>
				<otherurl queryIfNotvisible="false">					
					<url>Water/EPRTRDiffuseWater_Dyna_WGS84/MapServer/2</url>
					<fields>SPEC_AGRP,CTY_ID,NDATA_TYPE,YEAR_</fields>
					<returngeometry>true</returngeometry>
					<drawselection>point</drawselection>
				</otherurl>
				<otherurl queryIfNotvisible="false">					
					<url>Water/EPRTRDiffuseWater_Dyna_WGS84/MapServer/3</url>
					<fields>SPEC_AGRN,CTY_ID,NDATA_TYPE,YEAR_</fields>
					<returngeometry>true</returngeometry>
					<drawselection>point</drawselection>
				</otherurl>
				<otherurl queryIfNotvisible="false">					
					<url>Water/EPRTRDiffuseWater_Dyna_WGS84/MapServer/4</url>
					<fields>AGRN_DIV_A,RDB_NAME,CTY_ID,NDATA_TYPE,YEAR_</fields>
					<returngeometry>true</returngeometry>
					<drawselection>point</drawselection>
				</otherurl>
				
			</otherurls>			
			<expression>upper(FacilityName) LIKE upper('%[value]%') OR upper(City) LIKE upper('%[value]%') OR upper(PostalCode) = upper('[value]')</expression>
			<textsearchlabel>Search by facility name, city or postal code:</textsearchlabel>
			<graphicalsearchlabel>Use one of the graphical search tools to select facilities</graphicalsearchlabel>
			<fields>FacilityName,Address,City,PostalCode,Country,FacilityReportID,IASectorCode</fields>
			<textfields>FacilityName,Address,City,PostalCode,Country,FacilityReportID,IASectorCode</textfields>
			<fieldaliases>FacilityName:,Address:,City:,PostalCode:,Country:,IASectorCode:Sector,CTY_ID:Country,NAME:,EU_MS:Is EU member state,RDB_NAME:River Basin District,AGRN_DIV_A:kg N/ha RBD land area/year,AGRP_DIV_A:kg P/ha RBD land area/year,SPEC_AGRN:kg N/ha agricultural land area/year,SPEC_AGRP:kg P/ha agricultural land area/year,NDATA_TYPE:Load location,YEAR_:Year</fieldaliases>
			<valuealiases>
				<valuealias field="IASectorCode">1:1 Energy sector,2:2 Production and processing of metals,3:3 Mineral industry,4:4 Chemical industry,5:5 Waste and waste water management,6:6 Paper and wood production processing,7:7 Intensive livestock production and aquaculture,8:8 Animal and vegetable products from the food and beverage sector,9:9 Other activities,EPER_1:EPER 1 Energy Industries,EPER_2:EPER 2 Production and processing of metals,EPER_3:EPER 3 Mineral Industry,EPER_4:EPER 4 Chemical industry,EPER_5:EPER 5 Waste management,EPER_6:EPER 6 Other industrial activities</valuealias>
				<valuealias field="AGRN_DIV_A">-99:no information available</valuealias>
				<valuealias field="SPEC_AGRN">-99:no information available</valuealias>
				<valuealias field="AGRP_DIV_A">-99:no information available</valuealias>
				<valuealias field="SPEC_AGRP">-99:no information available</valuealias>
			</valuealiases>
			<uniformfields>false</uniformfields>
			<excludefromtextsearch>EprtrRBDs_Dyna_WGS84/MapServer/0</excludefromtextsearch>
			<titlefield>FacilityName</titlefield>
			<linkfield></linkfield>
			<linktext>Show facility details</linktext>
			<prelinkfield>FacilityReportID</prelinkfield>
			<prelink></prelink>
		</layer>
		<!--layer>
			<name>Facilities</name>
			<url>EprtrRBDs_Dyna_WGS84/MapServer/0</url>
					
			<expression>upper(NAME) LIKE upper('%[value]%')</expression>
			<textsearchlabel>Search by rbd name:</textsearchlabel>
			<graphicalsearchlabel>Use one of the graphical search tools to select on map</graphicalsearchlabel>
			<fields>CTY_ID,NAME,EU_MS</fields>
			<textfields>CTY_ID,NAME,EU_MS</textfields>
			<fieldaliases>CTY_ID:Country,NAME:,EU_MS:Is EU member state</fieldaliases>
			<uniformfields>false</uniformfields>
			<excludefromtextsearch></excludefromtextsearch>
			<titlefield>NAME</titlefield>
			<linkfield></linkfield>
			<linktext></linktext>
			<prelinkfield></prelinkfield>
			<prelink></prelink>
		</layer-->
	</layers>
	<labels>
		<selectionlabel>Selected Features</selectionlabel>
	</labels>	
	<zoomscale>50000</zoomscale>
</configuration>