<?xml version="1.0" ?>
<!--
////////////////////////////////////////////////////////////////////////////////
//
// Copyright © 2008 ESRI
//
// All rights reserved under the copyright laws of the United States.
// You may freely redistribute and use this software, with or
// without modification, provided you include the original copyright
// and use restrictions.  See use restrictions in the file:
// <install location>/FlexViewer/License.txt
//
////////////////////////////////////////////////////////////////////////////////
-->
<configuration>
	<layers>
		<layer>
			<name>Facilities</name>
			<url>http://discomap.eea.europa.eu/ArcGIS/rest/services/Sector1PollutantTransfer/MapServer/0</url>
			<expression>upper(FacilityName) LIKE upper('%[value]%') OR upper(ParentCompanyName) LIKE upper('%[value]%')</expression>
			<textsearchlabel>Search by Facility Name or Parent Company Name [ Example: Catalloni GmbH or Cat]:</textsearchlabel>
			<graphicalsearchlabel>Use one of the graphical search tools to select facilities</graphicalsearchlabel>
			<fields>FacilityName,Address,City,PostalCode,CountryName,FacilityReportID,IASectorCode</fields>
			<fieldaliases>Address:,City:,PostalCode:,CountryName:,IASectorCode:Sector</fieldaliases>
			<titlefield>FacilityName</titlefield>
			<linkfield></linkfield>
			<linktext>Show facility details</linktext>
			<prelinkfield>FacilityReportID</prelinkfield>
			<prelink>getFacility.htm?FacilityID=</prelink>
		</layer>
	</layers>
	<labels>
		<selectionlabel>Selected Features</selectionlabel>
	</labels>		
	<zoomscale>50000</zoomscale>
</configuration>