<?xml version="1.0" ?>
<!--
////////////////////////////////////////////////////////////////////////////////
//
// Copyright © 2008 ESRI
//
// All rights reserved under the copyright laws of the United States.
// You may freely redistribute and use this software, with or
// without modification, provided you include the original copyright
// and use restrictions.  See use restrictions in the file:
// <install location>/FlexViewer/License.txt
//
////////////////////////////////////////////////////////////////////////////////
-->
<configuration>
	<layers>
		<layer>
			<name>Facilities</name>
			<url>Air/EprtrFacilities_Dyna_WGS84/MapServer/0</url>
			<otherurls>
				<otherurl ignoreIfNotvisible="true">
					<ignoreIfNotvisible>true</ignoreIfNotvisible>					
					<url>Internal/EprtrRBDs_Dyna_WGS84/MapServer/0</url>
					<fields>CTY_ID,NAME,EU_MS</fields>
					<titlefield>NAME</titlefield>
					<drawselection>point</drawselection>				
				</otherurl>
				<otherurl queryIfNotvisible="false">					
					<url>Air/EPRTRDiffuseAir_Dyna_WGS84/MapServer/0</url>
					<fields>_SNAP2.SECTOR,_SNAP2.NOx</fields>
					<titlefield>_SNAP2.SECTOR</titlefield>
					<returngeometry>true</returngeometry>
					<drawselection>point</drawselection>
				</otherurl>
				<otherurl queryIfNotvisible="false">					
					<url>Air/EPRTRDiffuseAir_Dyna_WGS84/MapServer/1</url>
					<fields>_SNAP7.SECTOR,_SNAP7.NOx</fields>
					<titlefield>_SNAP7.SECTOR</titlefield>
					<returngeometry>true</returngeometry>
					<drawselection>point</drawselection>
				</otherurl>
				<otherurl queryIfNotvisible="false">					
					<url>Air/EPRTRDiffuseAir_Dyna_WGS84/MapServer/2</url>
					<fields>_SNAP8.SECTOR,_SNAP8.NOx</fields>
					<titlefield>_SNAP8.SECTOR</titlefield>
					<returngeometry>true</returngeometry>
					<drawselection>point</drawselection>
				</otherurl>
				<otherurl queryIfNotvisible="false">					
					<url>Air/EPRTRDiffuseAir_Dyna_WGS84/MapServer/3</url>
					<fields>_SNAP2.SECTOR,_SNAP2.SO2</fields>
					<titlefield>_SNAP2.SECTOR</titlefield>
					<returngeometry>true</returngeometry>
					<drawselection>point</drawselection>
				</otherurl>
				<otherurl queryIfNotvisible="false">					
					<url>Air/EPRTRDiffuseAir_Dyna_WGS84/MapServer/4</url>
					<fields>_SNAP7.SECTOR,_SNAP7.SO2</fields>
					<titlefield>_SNAP7.SECTOR</titlefield>
					<returngeometry>true</returngeometry>
					<drawselection>point</drawselection>
				</otherurl>
				<otherurl queryIfNotvisible="false">					
					<url>Air/EPRTRDiffuseAir_Dyna_WGS84/MapServer/5</url>
					<fields>_SNAP8.SECTOR,_SNAP8.SO2</fields>
					<titlefield>_SNAP8.SECTOR</titlefield>
					<returngeometry>true</returngeometry>
					<drawselection>point</drawselection>
				</otherurl>
				<otherurl queryIfNotvisible="false">					
					<url>Air/EPRTRDiffuseAir_Dyna_WGS84/MapServer/6</url>
					<fields>_SNAP2.SECTOR,_SNAP2.CO</fields>
					<titlefield>_SNAP2.SECTOR</titlefield>
					<returngeometry>true</returngeometry>
					<drawselection>point</drawselection>
				</otherurl>
				<otherurl queryIfNotvisible="false">					
					<url>Air/EPRTRDiffuseAir_Dyna_WGS84/MapServer/7</url>
					<fields>_SNAP7.SECTOR,_SNAP7.CO</fields>
					<titlefield>_SNAP7.SECTOR</titlefield>
					<returngeometry>true</returngeometry>
					<drawselection>point</drawselection>
				</otherurl>
				<otherurl queryIfNotvisible="false">					
					<url>Air/EPRTRDiffuseAir_Dyna_WGS84/MapServer/8</url>
					<fields>_SNAP8.SECTOR,_SNAP8.CO</fields>
					<titlefield>_SNAP8.SECTOR</titlefield>
					<returngeometry>true</returngeometry>
					<drawselection>point</drawselection>
				</otherurl>
				<otherurl queryIfNotvisible="false">					
					<url>Air/EPRTRDiffuseAir_Dyna_WGS84/MapServer/9</url>
					<fields>_SNAP2.SECTOR,_SNAP2.PM10</fields>
					<titlefield>_SNAP2.SECTOR</titlefield>
					<returngeometry>true</returngeometry>
					<drawselection>point</drawselection>
				</otherurl>
				<otherurl queryIfNotvisible="false">					
					<url>Air/EPRTRDiffuseAir_Dyna_WGS84/MapServer/10</url>
					<fields>_SNAP7.SECTOR,_SNAP7.PM10</fields>
					<titlefield>_SNAP7.SECTOR</titlefield>
					<returngeometry>true</returngeometry>
					<drawselection>point</drawselection>
				</otherurl>
				<otherurl queryIfNotvisible="false">					
					<url>Air/EPRTRDiffuseAir_Dyna_WGS84/MapServer/11</url>
					<fields>_SNAP8.SECTOR,_SNAP8.PM10</fields>
					<titlefield>_SNAP8.SECTOR</titlefield>
					<returngeometry>true</returngeometry>
					<drawselection>point</drawselection>
				</otherurl>
				<otherurl queryIfNotvisible="false">					
					<url>Air/EPRTRDiffuseAir_Dyna_WGS84/MapServer/12</url>
					<fields>_SNAP10.SECTOR,_SNAP10.PM10</fields>
					<titlefield>_SNAP10.SECTOR </titlefield>
					<returngeometry>true</returngeometry>
					<drawselection>point</drawselection>
				</otherurl>
				<otherurl queryIfNotvisible="false">					
					<url>Air/EPRTRDiffuseAir_Dyna_WGS84/MapServer/13</url>
					<fields>_SNAP10.SECTOR,_SNAP10.NH3</fields>
					<titlefield>_SNAP10.SECTOR </titlefield>
					<returngeometry>true</returngeometry>
					<drawselection>point</drawselection>
				</otherurl>
				
				
			</otherurls>			
			<expression>upper(FacilityName) LIKE upper('%[value]%') OR upper(City) LIKE upper('%[value]%') OR upper(PostalCode) = upper('[value]')</expression>
			<textsearchlabel>Search by facility name, city or postal code:</textsearchlabel>
			<graphicalsearchlabel>Use one of the graphical search tools to select facilities</graphicalsearchlabel>
			<fields>FacilityName,Address,City,PostalCode,Country,FacilityReportID,IASectorCode</fields>
			<textfields>FacilityName,Address,City,PostalCode,Country,FacilityReportID,IASectorCode</textfields>
			<fieldaliases>FacilityName:,Address:,City:,PostalCode:,Country:,IASectorCode:Sector,CTY_ID:Country,NAME:,EU_MS:Is EU member state,RDB_NAME:River Basin District,AGRN_DIV_A:kg N/ha RBD land area/year,AGRP_DIV_A:kg P/ha RBD land area/year,SPEC_AGRN:kg N/ha agricultural land area/year,SPEC_AGRP:kg P/ha agricultural land area/year,NDATA_TYPE:Load location,YEAR_:Year,_SNAP2.NOx:NOx emissions from non-industrial combustion t/year ,_SNAP7.NOx:NOx emissions from road transport t/year ,_SNAP8.NOx:NOx emissions from other mobile sources t/year ,_SNAP2.SO2:SO2 emissions from non-industrial combustion t/year ,_SNAP7.SO2:SO2 emissions from road transport t/year ,_SNAP8.SO2:SO2 emissions from other mobile sources t/year ,_SNAP2.CO:CO emissions from non-industrial combustion t/year ,_SNAP7.CO:CO emissions from road transport t/year ,_SNAP8.CO:CO emissions from other mobile sources t/year ,_SNAP2.PM10:PM10 emissions from non-industrial combustion t/year ,_SNAP7.PM10:PM10 emissions from road transport t/year ,_SNAP8.PM10:PM10 emissions from other mobile sources t/year ,_SNAP10.PM10:PM10 emissions from agricultural sources t/year  ,_SNAP10.NH3:NH3 emissions from agricultural sources t/year  </fieldaliases>
			<valuealiases>
				<valuealias field="IASectorCode">1:1 Energy sector,2:2 Production and processing of metals,3:3 Mineral industry,4:4 Chemical industry,5:5 Waste and waste water management,6:6 Paper and wood production processing,7:7 Intensive livestock production and aquaculture,8:8 Animal and vegetable products from the food and beverage sector,9:9 Other activities,EPER_1:EPER 1 Energy Industries,EPER_2:EPER 2 Production and processing of metals,EPER_3:EPER 3 Mineral Industry,EPER_4:EPER 4 Chemical industry,EPER_5:EPER 5 Waste management,EPER_6:EPER 6 Other industrial activities</valuealias>
				<valuealias field="_SNAP2.SECTOR">S2:Non-industrial Combustion plants</valuealias>
				<valuealias field="_SNAP7.SECTOR">S7:Road transport</valuealias>
				<valuealias field="_SNAP10.SECTOR">S10:Agriculture</valuealias>
				<valuealias field="_SNAP8.SECTOR">S8:Other mobile sources and machinery</valuealias>
			</valuealiases>
			<uniformfields>false</uniformfields>
			<excludefromtextsearch>EprtrRBDs_Dyna_WGS84/MapServer/0</excludefromtextsearch>
			<titlefield>FacilityName</titlefield>
			<linkfield></linkfield>
			<linktext>Show facility details</linktext>
			<prelinkfield>FacilityReportID</prelinkfield>
			<prelink></prelink>
		</layer>
		<!--layer>
			<name>Facilities</name>
			<url>EprtrRBDs_Dyna_WGS84/MapServer/0</url>
					
			<expression>upper(NAME) LIKE upper('%[value]%')</expression>
			<textsearchlabel>Search by rbd name:</textsearchlabel>
			<graphicalsearchlabel>Use one of the graphical search tools to select on map</graphicalsearchlabel>
			<fields>CTY_ID,NAME,EU_MS</fields>
			<textfields>CTY_ID,NAME,EU_MS</textfields>
			<fieldaliases>CTY_ID:Country,NAME:,EU_MS:Is EU member state</fieldaliases>
			<uniformfields>false</uniformfields>
			<excludefromtextsearch></excludefromtextsearch>
			<titlefield>NAME</titlefield>
			<linkfield></linkfield>
			<linktext></linktext>
			<prelinkfield></prelinkfield>
			<prelink></prelink>
		</layer-->
	</layers>
	<labels>
		<selectionlabel>Selected Features</selectionlabel>
	</labels>	
	<zoomscale>50000</zoomscale>
</configuration>