<?xml version="1.0" ?>
<!--
////////////////////////////////////////////////////////////////////////////////
//
// Copyright © 2008 ESRI
//
// All rights reserved under the copyright laws of the United States.
// You may freely redistribute and use this software, with or
// without modification, provided you include the original copyright
// and use restrictions.  See use restrictions in the file:
// <install location>/FlexViewer/License.txt
//
////////////////////////////////////////////////////////////////////////////////
-->
<configuration>
	<layers>
		<layer>
			<name>Facilities</name>
			<url>EprtrFacilities_Dyna_WGS84/MapServer/0</url>
			<otherurls>
				<otherurl>
					<url>EprtrRBDs_Dyna_WGS84/MapServer/0</url>
					<fields>CTY_ID,NAME,EU_MS</fields>
				</otherurl>
			</otherurls>			
			<expression>upper(FacilityName) LIKE upper('%[value]%') OR upper(City) LIKE upper('%[value]%') OR upper(PostalCode) = upper('[value]')</expression>
			<textsearchlabel>Search by facility name, city or postal code:</textsearchlabel>
			<graphicalsearchlabel>Use one of the graphical search tools to select facilities</graphicalsearchlabel>
			<fields>FacilityName,Address,City,PostalCode,Country,FacilityReportID,IASectorCode</fields>
			<textfields>FacilityName,Address,City,PostalCode,Country,FacilityReportID,IASectorCode</textfields>
			<fieldaliases>FacilityName:,Address:,City:,PostalCode:,Country:,IASectorCode:Sector,CTY_ID:Country,NAME:,EU_MS:Is EU member state</fieldaliases>
			<valuealiases>
				<valuealias field="IASectorCode">1:1 Energy sector,2:2 Production and processing of metals,3:3 Mineral industry,4:4 Chemical industry,5:5 Waste and waste water management,6:6 Paper and wood production processing,7:7 Intensive livestock production and aquaculture,8:8 Animal and vegetable products from the food and beverage sector,9:9 Other activities</valuealias>
			</valuealiases>
			<uniformfields>false</uniformfields>
			<excludefromtextsearch>EprtrRBDs_Dyna_WGS84/MapServer/0</excludefromtextsearch>
			<titlefield>FacilityName</titlefield>
			<linkfield></linkfield>
			<linktext>Show facility details</linktext>
			<prelinkfield>FacilityReportID</prelinkfield>
			<prelink></prelink>
		</layer>
	</layers>
	<labels>
		<selectionlabel>Selected Features</selectionlabel>
	</labels>
	<zoomscale>50000</zoomscale>
</configuration>