<?xml version="1.0"?>
<!--
////////////////////////////////////////////////////////////////////////////////
//
// Copyright © 2008 ESRI
//
// All rights reserved under the copyright laws of the United States.
// You may freely redistribute and use this software, with or
// without modification, provided you include the original copyright
// and use restrictions.  See use restrictions in the file:
// <install location>/FlexViewer/License.txt
//
////////////////////////////////////////////////////////////////////////////////
-->
<configuration xmlns:xsi="http://www.w3.org/2001/XMLSchema-instance" xsi:noNamespaceSchemaLocation="config_enh.xsd">
	<userinterface>
		<collapsewidgets>true</collapsewidgets>
		<hidewidgetscontrol>true</hidewidgetscontrol>
		<banner>invisible</banner>
		<title>E-PRTR</title>
		<locale>en_GB</locale>
		<subtitle/>
		<logo/>
		<stylesheet>com/esri/solutions/flexviewer/themes/lighterside/style.swf</stylesheet>
		<menus>
			<menu id="menuMap" visible="false" icon="com/esri/solutions/flexviewer/assets/images/icons/i_globe.png">Background Map</menu>
			<menu id="menuNav" target="customMenu" visible="true" icon="com/esri/solutions/flexviewer/assets/images/icons/i_nav.png">Navigation</menu>
			<menu id="menuWidgets" visible="false" icon="com/esri/solutions/flexviewer/assets/images/icons/i_widget.png">Tools</menu>
		</menus>
	</userinterface>
	<map initialExtent="-32.2 12.4 54.59 86.92" fullExtent="-32.2 12.4 54.59 86.92" showzoomslider="false" scrollwheelzoomenabled="false" lodminlevel="10">
		<basemaps menu="menuMap">
			<mapservice label="Street Map" type="tiled" visible="true" alpha="1" icon="com/esri/solutions/flexviewer/assets/images/icons/i_highway.png" >http://server.arcgisonline.com/ArcGIS/rest/services/ESRI_StreetMap_World_2D/MapServer</mapservice>
			<mapservice label="Satellite" type="tiled" visible="false" alpha="1" icon="com/esri/solutions/flexviewer/assets/images/icons/i_satellite.png" url="http://server.arcgisonline.com/ArcGIS/rest/services/ESRI_Imagery_World_2D/MapServer"></mapservice>
			<mapservice label="River Basin Districts Street" type="tiled" visible="false" alpha="1" icon="com/esri/solutions/flexviewer/assets/images/icons/i_RBDstreet_layer.png" overlay="http://discomap.eea.europa.eu/ArcGIS/rest/services/Internal/EprtrRBDs_Dyna_WGS84/MapServer" overlaytype="dynamic" overlayalpha="0.6" legend="com/esri/solutions/flexviewer/assets/images/legends/EPRTR_RBD_legend.png" >http://server.arcgisonline.com/ArcGIS/rest/services/ESRI_StreetMap_World_2D/MapServer</mapservice>
			<mapservice label="River Basin Districts Relief" type="tiled" visible="false" alpha="1" icon="com/esri/solutions/flexviewer/assets/images/icons/i_RBD_layer.png" overlay="http://discomap.eea.europa.eu/ArcGIS/rest/services/Internal/EprtrRBDs_Dyna_WGS84/MapServer" overlaytype="dynamic" overlayalpha="0.6" legend="com/esri/solutions/flexviewer/assets/images/legends/EPRTR_RBD_legend.png" >http://server.arcgisonline.com/ArcGIS/rest/services/ESRI_ShadedRelief_World_2D/MapServer</mapservice>
	
		</basemaps>

		<livemaps>
			<mapservice id="air" label="Diffuse Emmissions to Air" type="dynamic" visible="false" alpha="0.6" url="http://discomap.eea.europa.eu/ArcGIS/rest/services/Air/EPRTRDiffuseAir_Dyna_WGS84/MapServer" >
				<layers>
					<layer id="0" visible="false" legend="com/esri/solutions/flexviewer/assets/images/legends/air/NOx_nonindustrial_combustion.png"></layer>
					<layer id="1" visible="false" legend="com/esri/solutions/flexviewer/assets/images/legends/air/NOx_road_transport.png"></layer>
					<layer id="2"  visible="false" legend="com/esri/solutions/flexviewer/assets/images/legends/air/NOx_other_mobile_sources.png"></layer>
					<layer id="3" visible="false" legend="com/esri/solutions/flexviewer/assets/images/legends/air/SO2_nonindustrial_combustion.png"></layer>
					<layer id="4" visible="false"  legend="com/esri/solutions/flexviewer/assets/images/legends/air/SO2_road_transport.png"></layer>
					<layer id="5" visible="false" legend="com/esri/solutions/flexviewer/assets/images/legends/air/SO2_other_mobile_sources.png"></layer>
					<layer id="6" visible="false" legend="com/esri/solutions/flexviewer/assets/images/legends/air/CO_nonindustrial_combustion.png"></layer>
					<layer id="7"  visible="false" legend="com/esri/solutions/flexviewer/assets/images/legends/air/CO_road_transport.png"></layer>
					<layer id="8" visible="false" legend="com/esri/solutions/flexviewer/assets/images/legends/air/CO_other_mobile_sources.png"></layer>
					<layer id="9" visible="false"  legend="com/esri/solutions/flexviewer/assets/images/legends/air/PM10_nonindustrial_combustion.png"></layer>
					<layer id="10" visible="false" legend="com/esri/solutions/flexviewer/assets/images/legends/air/PM10_road_transport.png"></layer>
					<layer id="11" visible="false" legend="com/esri/solutions/flexviewer/assets/images/legends/air/PM10_other_mobile_sources.png"></layer>
					<layer id="12" visible="false" legend="com/esri/solutions/flexviewer/assets/images/legends/air/PM10_agricultural_sources.png"></layer>
					<layer id="13" visible="false"  legend="com/esri/solutions/flexviewer/assets/images/legends/air/NH3_agricultural_sources.png"></layer>
				</layers>
			</mapservice>
		</livemaps>
	</map>
	<navtools>
		<navtool label="Zoom In" icon="com/esri/solutions/flexviewer/assets/images/icons/i_zoomin.png" menu="menuNav">zoomin</navtool>
		<navtool label="Zoom Out" icon="com/esri/solutions/flexviewer/assets/images/icons/i_zoomout.png" menu="menuNav">zoomout</navtool>
		<navtool label="Pan" icon="com/esri/solutions/flexviewer/assets/images/icons/i_pan.png" menu="menuNav">pan</navtool>
		<navtool label="Select" icon="com/esri/solutions/flexviewer/assets/images/icons/i_info_bubble.png" menu="menuNav">pointsearch</navtool>
	</navtools>
	<widgets>
		<widget label="Layer List" invisbtns="close" preload="true" icon="com/esri/solutions/flexviewer/assets/images/icons/i_layers.png"  menu="menuWidgets"  config="com/esri/solutions/flexviewer/widgets/FilterLiveMapsWidget_diffuse.xml">com/esri/solutions/flexviewer/widgets/FilterLiveMapsWidget.swf</widget>
		<widget label="Search" widgetresourcefile="SearchAllWidgetStrings" invisbtns="close" preload="true" icon="com/esri/solutions/flexviewer/assets/images/icons/i_search.png" menu="menuWidgets" config="com/esri/solutions/flexviewer/widgets/SearchWidget_diffuse_air.xml" baserestserverurl="http://discomap.eea.europa.eu/ArcGIS/rest/services">com/esri/solutions/flexviewer/widgets/SearchWidgetAllLayers.swf</widget>
		<widget label="ga"  preload="true" icon="com/esri/solutions/flexviewer/assets/images/icons/i_search.png" menu="menuHelp" config="com/esri/solutions/flexviewer/widgets/GoogleAnalyticsWidget.xml" >com/esri/solutions/flexviewer/widgets/GoogleAnalyticsWidget.swf</widget>
	</widgets>
	<links>
		</links>
	<proxytype>php</proxytype>
	<!-- apache|jsp|asp|php -->
</configuration>

