<?xml version="1.0"?>
<!--
////////////////////////////////////////////////////////////////////////////////
//
// Copyright © 2008 ESRI
//
// All rights reserved under the copyright laws of the United States.
// You may freely redistribute and use this software, with or
// without modification, provided you include the original copyright
// and use restrictions.  See use restrictions in the file:
// <install location>/FlexViewer/License.txt
//
////////////////////////////////////////////////////////////////////////////////
-->
<configuration xmlns:xsi="http://www.w3.org/2001/XMLSchema-instance" xsi:noNamespaceSchemaLocation="config_enh.xsd">
	<userinterface>
		<collapsewidgets>true</collapsewidgets>
		<hidewidgetscontrol>false</hidewidgetscontrol>
		<banner>visible</banner>
		<title>E-PRTR</title>
		<subtitle>The European Pollutant Release and Transfer Register</subtitle>
		<logo>com/esri/solutions/flexviewer/assets/images/icons/eprtrimagelogo.png</logo>
		<stylesheet>com/esri/solutions/flexviewer/themes/lighterside/style.swf</stylesheet>
		<menus>
			<menu id="menuMap"  visible="true" icon="com/esri/solutions/flexviewer/assets/images/icons/i_globe_small.png">Background Map</menu>
			<menu id="menuNav" target="customMenu" visible="true" icon="com/esri/solutions/flexviewer/assets/images/icons/i_nav.png">Navigation</menu>
			<menu id="menuWidgets" visible="false" icon="com/esri/solutions/flexviewer/assets/images/icons/i_widget.png">Tools</menu>
			<menu id="menuHelp"  visible="false" icon="com/esri/solutions/flexviewer/assets/images/icons/i_help.png">Help</menu>
		</menus>
	</userinterface>
	<map initialExtent="-20.2 34.89 30.59 66.92" fullExtent="-150 -50 150 50" showzoomslider="true" scrollwheelzoomenabled="true">
		<basemaps menu="menuMap">
			<mapservice label="Street Map" type="tiled" visible="true" alpha="1" icon="com/esri/solutions/flexviewer/assets/images/icons/i_highway.png" >http://server.arcgisonline.com/ArcGIS/rest/services/ESRI_StreetMap_World_2D/MapServer</mapservice>
			<mapservice label="Satellite" type="tiled" visible="false" alpha="1" icon="com/esri/solutions/flexviewer/assets/images/icons/i_satellite.png" url="http://server.arcgisonline.com/ArcGIS/rest/services/ESRI_Imagery_World_2D/MapServer"></mapservice>
			<mapservice label="River Basin Districts" type="tiled" visible="false" alpha="1" icon="com/esri/solutions/flexviewer/assets/images/icons/i_RBD_layer.png" overlay="http://discomap.eea.europa.eu/ArcGIS/rest/services/PRTR_WEB/EPRTR_RBDs/MapServer" overlaytype="dynamic" overlayalpha="0.6" legend="com/esri/solutions/flexviewer/assets/images/legends/EPRTR_RBD_legend.png" >http://server.arcgisonline.com/ArcGIS/rest/services/ESRI_Imagery_World_2D/MapServer</mapservice>
		</basemaps>
		<!--basemaps menu="menuMap">
			<mapservice label="Street Map" type="tiled" visible="true" alpha="1" icon="com/esri/solutions/flexviewer/assets/images/icons/i_highway.png">http://server.arcgisonline.com/ArcGIS/rest/services/ESRI_StreetMap_World_2D/MapServer</mapservice>
			<mapservice label="Satellite Map" type="tiled" visible="false" alpha="1" icon="com/esri/solutions/flexviewer/assets/images/icons/i_shuttle.png">http://server.arcgisonline.com/ArcGIS/rest/services/ESRI_Imagery_World_2D/MapServer</mapservice>			
		</basemaps-->
		<livemaps>
			<!--mapservice label="Censuss filtered" iconShape="circleOutline" iconSize="10" iconColor="0xFF00FF" type="dynamic" visible="true" alpha="1" url="http://sampleserver1.arcgisonline.com/ArcGIS/rest/services/Demographics/ESRI_Census_USA/MapServer">
				<layers>
					<layer id="0" iconShape="rectangleOutline" iconSize="10" iconColor="0xDDDDEE" visible="true" definition=""></layer>
					<layer id="1" iconShape="circle" iconSize="5" iconColor="0xFF00FF" visible="true" definition=""></layer>
					<layer id="2"  visible="false" definition=""></layer>
					<layer id="3" iconShape="circle" iconSize="15" iconColor="0x00DD00"  visible="false" definition="AGE_UNDER5 + AGE_5_17 > AGE_50_64 + AGE_65_UP"></layer>
					<layer id="4" iconShape="triangleOutline" iconSize="10" iconColor="0xFF000F"  visible="false" definition="AGE_UNDER5 + AGE_5_17 > AGE_50_64 + AGE_65_UP"></layer>
					<layer id="5" iconShape="line" iconSize="10" iconColor="0xFFCE00" visible="true" definition="AGE_UNDER5 + AGE_5_17 > AGE_50_64 + AGE_65_UP"></layer>
				</layers>			
			</mapservice-->
			<!--mapservice label="filtered" iconShape="rectangle" iconSize="10" iconColor="0x8000E6" type="dynamic" visible="true" alpha="1" url="http://sampleserver1.arcgisonline.com/ArcGIS/rest/services/Demographics/ESRI_Census_USA/MapServer">
				<layers>
					<layer id="0" iconShape="rectangle" iconSize="10" iconColor="0x00DDEE" visible="true" definition=""></layer>
					<layer id="1" iconShape="circleOutline" iconSize="10" iconColor="0xFF00FF" visible="true" definition=""></layer>
					<layer id="2" iconShape="circle" iconSize="5" iconColor="0xFF00FF" visible="false" definition=""></layer>
					<layer id="3" iconShape="line" iconSize="15" iconColor="0x00DD00" visible="false" definition="AGE_UNDER5 + AGE_5_17 > AGE_50_64 + AGE_65_UP"></layer>
					<layer id="4" iconShape="triangleOutline" iconSize="10" iconColor="0xFF000F"  visible="false" definition="AGE_UNDER5 + AGE_5_17 > AGE_50_64 + AGE_65_UP"></layer>
					<layer id="5" iconShape="circle" iconSize="10" iconColor="0xFFCE00" visible="true" definition=""></layer>
				</layers>			
			</mapservice-->
			
			<mapservice label="9 Other activities" id="sector9" iconShape="triangle" iconSize="10" iconColor="0xFF009D" type="dynamic" visible="true" alpha="1" url="http://discomap.eea.europa.eu/ArcGIS/rest/services/PRTR_WEB/EPRTR_Sector9/MapServer" >
				<layers>
						<layer id="0" visible="true" definition="FacilityReportID IN (select FacilityReportID from FACILITYSEARCH_ALL where IASectorCode = '9' AND CoordinateStatusCode &lt;&gt; 'MISSING' [wherevalue])"></layer>
				</layers>
			</mapservice>
			<mapservice id="sector8" label="8 Animal and vegetable products from the food and beverage sector" iconShape="triangle" iconSize="10" iconColor="0xE6E600" type="dynamic" visible="true" alpha="1" url="http://discomap.eea.europa.eu/ArcGIS/rest/services/PRTR_WEB/EPRTR_Sector8/MapServer">
				<layers>
						<layer id="0" visible="true" definition="FacilityReportID IN (select FacilityReportID from FACILITYSEARCH_ALL where IASectorCode = '8' AND CoordinateStatusCode &lt;&gt; 'MISSING' [wherevalue])"></layer>
				</layers>
			</mapservice>
			<mapservice id="sector7" label="7 Intensive livestock production and aquaculture" iconShape="triangle" iconSize="10" iconColor="0xA80000" type="dynamic" visible="true" alpha="1" url="http://discomap.eea.europa.eu/ArcGIS/rest/services/PRTR_WEB/EPRTR_Sector7/MapServer">
				<layers>
						<layer id="0" visible="true" definition="FacilityReportID IN (select FacilityReportID from FACILITYSEARCH_ALL where IASectorCode = '7' AND CoordinateStatusCode &lt;&gt; 'MISSING' [wherevalue])"></layer>
				</layers>
			</mapservice>
			<mapservice id="sector6" label="6 Paper and wood production processing" iconShape="triangle" iconSize="10" iconColor="0x8400A8" type="dynamic" visible="true" alpha="1" url="http://discomap.eea.europa.eu/ArcGIS/rest/services/PRTR_WEB/EPRTR_Sector6/MapServer">
				<layers>
						<layer id="0" visible="true" definition="FacilityReportID IN (select FacilityReportID from FACILITYSEARCH_ALL where IASectorCode = '6' AND CoordinateStatusCode &lt;&gt; 'MISSING' [wherevalue])"></layer>
				</layers>
			</mapservice>
			<mapservice id="sector5" label="5 Waste and waste water management" iconShape="triangle" iconSize="10" iconColor="0x55FF00" type="dynamic" visible="true" alpha="1" url="http://discomap.eea.europa.eu/ArcGIS/rest/services/PRTR_WEB/EPRTR_Sector5/MapServer">
				<layers>
						<layer id="0" visible="true" definition="FacilityReportID IN (select FacilityReportID from FACILITYSEARCH_ALL where IASectorCode = '5' AND CoordinateStatusCode &lt;&gt; 'MISSING' [wherevalue])"></layer>
				</layers>
			</mapservice>
			<mapservice id="sector4" label="4 Chemical industry" iconShape="triangle" iconSize="10" iconColor="0x000000" type="dynamic" visible="true" alpha="1" url="http://discomap.eea.europa.eu/ArcGIS/rest/services/PRTR_WEB/EPRTR_Sector4/MapServer">
				<layers>
						<layer id="0" visible="true" definition="FacilityReportID IN (select FacilityReportID from FACILITYSEARCH_ALL where IASectorCode = '4' AND CoordinateStatusCode &lt;&gt; 'MISSING' [wherevalue])"></layer>
				</layers>
			</mapservice>
			<mapservice  id="sector3" label="3 Mineral industry" iconShape="triangle" iconSize="10" iconColor="0xFF5500" type="dynamic" visible="true" alpha="1" url="http://discomap.eea.europa.eu/ArcGIS/rest/services/PRTR_WEB/EPRTR_Sector3/MapServer">
				<layers>
						<layer id="0" visible="true" definition="FacilityReportID IN (select FacilityReportID from FACILITYSEARCH_ALL where IASectorCode = '3' AND CoordinateStatusCode &lt;&gt; 'MISSING' [wherevalue])"></layer>
				</layers>
			</mapservice>
			<mapservice id="sector2" label="2 Production and processing of metals" iconShape="triangle" iconSize="10" iconColor="0x00E6A9" type="dynamic" visible="true" alpha="1" url="http://discomap.eea.europa.eu/ArcGIS/rest/services/PRTR_WEB/EPRTR_Sector2/MapServer">
				<layers>
						<layer id="0" visible="true" definition="FacilityReportID IN (select FacilityReportID from FACILITYSEARCH_ALL where IASectorCode = '2' AND CoordinateStatusCode &lt;&gt; 'MISSING' [wherevalue])"></layer>
				</layers>
			</mapservice>
			<mapservice id="sector1" label="1 Energy sector" iconShape="triangle" iconSize="10" iconColor="0x267300" type="dynamic" visible="true" alpha="1" url="http://discomap.eea.europa.eu/ArcGIS/rest/services/PRTR_WEB/EPRTR_Sector1/MapServer">
				<layers>
						<layer id="0" visible="true" definition="FacilityReportID IN (select FacilityReportID from FACILITYSEARCH_ALL where IASectorCode = '1' [wherevalue])  AND CoordinateStatusCode &lt;&gt; 'MISSING'"></layer>
				</layers>
			</mapservice>
			<!--mapservice id="sector1" label="1 Energy sector" iconShape="triangle" iconSize="10" iconColor="0x267300" type="dynamic" visible="true" alpha="1" url="http://discomap.eea.europa.eu/ArcGIS/rest/services/PRTR_WEB/EPRTR_Sector1_leveltest/MapServer">
				<layers>
						<layer id="0" visible="true" definition="FacilityReportID IN (select FacilityReportID from FACILITYSEARCH_ALL where CoordinateStatusCode &lt;&gt; 'MISSING' [wherevalue])"></layer>
						<layer id="1" visible="false" definition="IASectorCode = '0'"></layer>
						<layer id="2" visible="true" definition="FacilityReportID IN (select FacilityReportID from FACILITYSEARCH_ALL where CoordinateStatusCode &lt;&gt; 'MISSING' [wherevalue])"></layer>
						<layer id="3" visible="true" definition="FacilityReportID IN (select FacilityReportID from FACILITYSEARCH_ALL where  CoordinateStatusCode &lt;&gt; 'MISSING' [wherevalue])"></layer>
						
				</layers>
			</mapservice-->		
			
			<!--mapservice label="E-PRTR Facilities test" iconShape="circle" iconSize="10" iconColor="0x005CE6" type="dynamic" visible="true" alpha="1" url="http://discomap.eea.europa.eu/ArcGIS/rest/services/facilityReportTest/MapServer">
					<layers>
						<layer id="0" iconShape="circle" iconSize="10" iconColor="0x005CE6" visible="true" definition="FacilityReportID=1"></layer>
						<layer id="1" iconShape="rectangle" iconSize="10" iconColor="0x8000E6" visible="true" definition=""></layer>
					</layers>
			</mapservice-->
			
			<!--mapservice label="CLC Map 2000 wgs84" type="dynamic" visible="true" alpha="1" icon="com/esri/solutions/flexviewer/assets/images/icons/i_highway.png">http://goose.eea.europa.eu/ArcGIS/rest/services/clc2000_F9v07_WGS84/MapServer</mapservice-->			
			<!--mapservice label="CLC Map 2000" type="dynamic" visible="true" alpha="1" icon="com/esri/solutions/flexviewer/assets/images/icons/i_highway.png">http://goose.eea.europa.eu/ArcGIS/rest/services/clc2000_F9v07_EPSG3035/MapServer</mapservice-->			
			
			<!--mapservice label="Louisville Landbase" type="dynamic" visible="false" alpha="0.4">http://sampleserver1.arcgisonline.com/ArcGIS/rest/services/Louisville/LOJIC_LandRecords_Louisville/MapServer</mapservice-->
		</livemaps>
	</map>
	<navtools>
		<navtool label="Zoom In" icon="com/esri/solutions/flexviewer/assets/images/icons/i_zoomin.png" menu="menuNav">zoomin</navtool>
		<navtool label="Zoom Out" icon="com/esri/solutions/flexviewer/assets/images/icons/i_zoomout.png" menu="menuNav">zoomout</navtool>
		<navtool label="Full Extent" icon="com/esri/solutions/flexviewer/assets/images/icons/i_zoomfull.png" menu="menuNav">zoomfull</navtool>
		<navtool label="Zoom to Previous" icon="com/esri/solutions/flexviewer/assets/images/icons/i_zoomprevious.png" menu="menuNav">zoomprevious</navtool>
		<navtool label="Pan" icon="com/esri/solutions/flexviewer/assets/images/icons/i_pan.png" menu="menuNav">pan</navtool>
		<navtool label="Select" icon="com/esri/solutions/flexviewer/assets/images/icons/i_info_bubble.png" menu="menuNav">pointsearch</navtool>
	</navtools>
	<widgets>
		<widget label="Overview Map" widgetresourcefile="OverviewMapWidgetStrings" preload="true" invisbtns="close" icon="com/esri/solutions/flexviewer/assets/images/icons/i_overview.png" menu="menuWidgets" config="com/esri/solutions/flexviewer/widgets/OverviewMapWidget.xml">com/esri/solutions/flexviewer/widgets/OverviewMapWidget.swf</widget>	
		<widget label="Bookmarks" preload="true" widgetresourcefile="BookmarkWidgetStrings"  invisbtns="close" icon="com/esri/solutions/flexviewer/assets/images/icons/i_bookmark.png"  config="com/esri/solutions/flexviewer/widgets/BookmarkWidget.xml">com/esri/solutions/flexviewer/widgets/BookmarkWidget.swf</widget>	
		<widget label="Layer List" invisbtns="close" widgetresourcefile="FilterAllWidgetStrings"  preload="true" icon="com/esri/solutions/flexviewer/assets/images/icons/i_layers.png"  menu="menuWidgets"  config="com/esri/solutions/flexviewer/widgets/FilterLiveMapsWidget_search.xml">com/esri/solutions/flexviewer/widgets/FilterLiveMapsWidget.swf</widget>
		<widget label="Search" invisbtns="close" preload="true"  widgetresourcefile="SearchAllWidgetStrings" icon="com/esri/solutions/flexviewer/assets/images/icons/i_search.png" menu="menuWidgets" config="com/esri/solutions/flexviewer/widgets/SearchWidget.xml" baserestserverurl="http://discomap.eea.europa.eu/ArcGIS/rest/services/PRTR_WEB">com/esri/solutions/flexviewer/widgets/SearchWidgetAllLayers.swf</widget>
		<widget label="Print and Download"  widgetresourcefile="PrintWidgetStrings"  icon="com/esri/solutions/flexviewer/assets/images/icons/i_print_download.png" menu="menuWidgets" invisbtns="close" preload="true" config="com/esri/solutions/flexviewer/widgets/PrintWidget.xml">com/esri/solutions/flexviewer/widgets/PrintWidget.swf</widget>
		<!--widget label="Draw" invisbtns="close"icon="com/esri/solutions/flexviewer/assets/images/icons/i_draw.png" menu="menuWidgets" config="com/esri/solutions/flexviewer/widgets/DrawWidget.xml">com/esri/solutions/flexviewer/widgets/DrawWidget.swf</widget-->	
		<!--widget label="About" icon="com/esri/solutions/flexviewer/assets/images/icons/i_about.png" menu="menuHelp" config="com/esri/solutions/flexviewer/widgets/AboutWidget.xml">com/esri/solutions/flexviewer/widgets/AboutWidget.swf</widget-->
		<!--widget label="Demographics" icon="com/esri/solutions/flexviewer/assets/images/icons/i_demographics.png" menu="menuWidgets" config="com/esri/solutions/flexviewer/widgets/ChartWidget.xml">com/esri/solutions/flexviewer/widgets/ChartWidget.swf</widget-->
	</widgets>
	<links>
		<link label="Hjælp" icon="com/esri/solutions/flexviewer/assets/images/icons/i_hjaelp.jpg" menu="menuHelp">help.html</link>
		<link label="Hjem" icon="com/esri/solutions/flexviewer/assets/images/icons/i_home.png" menu="menuHelp">http://www.ens.dk</link>
		<link label="Ressourcer" icon="com/esri/solutions/flexviewer/assets/images/icons/i_resources.png" menu="menuHelp">http://resources.esri.com</link>
	</links>
	<proxytype>php</proxytype>
	<!-- apache|jsp|asp|php -->
</configuration>
