<?xml version="1.0"?>
<!--
////////////////////////////////////////////////////////////////////////////////
//
// Copyright © 2008 ESRI
//
// All rights reserved under the copyright laws of the United States.
// You may freely redistribute and use this software, with or
// without modification, provided you include the original copyright
// and use restrictions.  See use restrictions in the file:
// <install location>/FlexViewer/License.txt
//
////////////////////////////////////////////////////////////////////////////////
-->
<configuration xmlns:xsi="http://www.w3.org/2001/XMLSchema-instance" xsi:noNamespaceSchemaLocation="config_enh.xsd">
	<userinterface>
		<collapsewidgets>true</collapsewidgets>
		<hidewidgetscontrol>false</hidewidgetscontrol>
		<banner>invisible</banner>
		<title>E-PRTR</title>
		<subtitle/>
		<logo/>
		<stylesheet>com/esri/solutions/flexviewer/themes/lighterside/style.swf</stylesheet>
		<menus>
			<menu id="menuMap" visible="true" icon="com/esri/solutions/flexviewer/assets/images/icons/i_globe.png">Map</menu>
			<menu id="menuNav" visible="true" icon="com/esri/solutions/flexviewer/assets/images/icons/i_nav.png">Navigation</menu>
			<menu id="menuWidgets" visible="false" icon="com/esri/solutions/flexviewer/assets/images/icons/i_widget.png">Tools</menu>
			<menu id="menuHelp" visible="false" icon="com/esri/solutions/flexviewer/assets/images/icons/i_help.png">Help</menu>
		</menus>
	</userinterface>
	<map initialExtent="-20.2 34.89 30.59 66.92" fullExtent="-150 -50 150 50">
		<basemaps menu="menuMap">
			<mapservice label="Street Map" type="tiled" visible="true" alpha="1" icon="com/esri/solutions/flexviewer/assets/images/icons/i_highway.png" >http://server.arcgisonline.com/ArcGIS/rest/services/ESRI_StreetMap_World_2D/MapServer</mapservice>
			<mapservice label="Satellite " type="tiled" visible="false" alpha="1" icon="com/esri/solutions/flexviewer/assets/images/icons/i_shuttle.png" url="http://server.arcgisonline.com/ArcGIS/rest/services/ESRI_Imagery_World_2D/MapServer"></mapservice>
			<!--mapservice label="Relief" type="tiled" visible="false" alpha="1" icon="com/esri/solutions/flexviewer/assets/images/icons/i_shuttle.png" url="http://server.arcgisonline.com/ArcGIS/rest/services/ESRI_ShadedRelief_World_2D/MapServer"></mapservice-->			
		</basemaps>
		<!--basemaps menu="menuMap">
			<mapservice label="Street Map" type="tiled" visible="true" alpha="1" icon="com/esri/solutions/flexviewer/assets/images/icons/i_highway.png">http://server.arcgisonline.com/ArcGIS/rest/services/ESRI_StreetMap_World_2D/MapServer</mapservice>
			<mapservice label="Satellite Map" type="tiled" visible="false" alpha="1" icon="com/esri/solutions/flexviewer/assets/images/icons/i_shuttle.png">http://server.arcgisonline.com/ArcGIS/rest/services/ESRI_Imagery_World_2D/MapServer</mapservice>			
		</basemaps-->
		<livemaps>
			<mapservice label="Censuss filtered" iconShape="circleOutline" iconSize="10" iconColor="0xFF00FF" type="dynamic" visible="true" alpha="1" url="http://sampleserver1.arcgisonline.com/ArcGIS/rest/services/Demographics/ESRI_Census_USA/MapServer">
				<layers>
					<layer id="0" iconShape="rectangleOutline" iconSize="10" iconColor="0xDDDDEE" visible="true" definition=""></layer>
					<layer id="1" iconShape="circle" iconSize="5" iconColor="0xFF00FF" visible="true" definition=""></layer>
					<layer id="2"  visible="false" definition=""></layer>
					<layer id="3" iconShape="circle" iconSize="15" iconColor="0x00DD00"  visible="false" definition="AGE_UNDER5 + AGE_5_17 > AGE_50_64 + AGE_65_UP"></layer>
					<layer id="4" iconShape="triangleOutline" iconSize="10" iconColor="0xFF000F"  visible="false" definition="AGE_UNDER5 + AGE_5_17 > AGE_50_64 + AGE_65_UP"></layer>
					<layer id="5" iconShape="line" iconSize="10" iconColor="0xFFCE00" visible="true" definition="AGE_UNDER5 + AGE_5_17 > AGE_50_64 + AGE_65_UP"></layer>
				</layers>			
			</mapservice>
			<mapservice label="filtered" type="dynamic" visible="true" alpha="1" url="http://sampleserver1.arcgisonline.com/ArcGIS/rest/services/Demographics/ESRI_Census_USA/MapServer">
				<layers>
					<layer id="0" iconShape="rectangle" iconSize="10" iconColor="0x00DDEE" visible="true" definition=""></layer>
					<layer id="1" iconShape="circleOutline" iconSize="10" iconColor="0xFF00FF" visible="true" definition=""></layer>
					<layer id="2" iconShape="circle" iconSize="5" iconColor="0xFF00FF" visible="false" definition=""></layer>
					<layer id="3" iconShape="line" iconSize="15" iconColor="0x00DD00" visible="false" definition="AGE_UNDER5 + AGE_5_17 > AGE_50_64 + AGE_65_UP"></layer>
					<layer id="4" iconShape="triangleOutline" iconSize="10" iconColor="0xFF000F"  visible="false" definition="AGE_UNDER5 + AGE_5_17 > AGE_50_64 + AGE_65_UP"></layer>
					<layer id="5" iconShape="circle" iconSize="10" iconColor="0xFFCE00" visible="true" definition=""></layer>
				</layers>			
			</mapservice>
			<!--mapservice label="E-PRTR Facilities test" type="dynamic" visible="true" alpha="1" url="http://discomap.eea.europa.eu/ArcGIS/rest/services/facilityReportTest/MapServer">
					<layers>
						<layer id="0" iconShape="circle" iconSize="10" iconColor="0x005CE6" visible="true" definition="facilityreportid=1"></layer>
						<layer id="1" iconShape="rectangle" iconSize="10" iconColor="0x8000E6" visible="true" definition=""></layer>
					</layers>
			</mapservice-->
			
			
			<!--mapservice label="CLC Map 2000 wgs84" type="dynamic" visible="true" alpha="1" icon="com/esri/solutions/flexviewer/assets/images/icons/i_highway.png">http://goose.eea.europa.eu/ArcGIS/rest/services/clc2000_F9v07_WGS84/MapServer</mapservice>			
			<mapservice label="CLC Map 2000" type="dynamic" visible="true" alpha="1" icon="com/esri/solutions/flexviewer/assets/images/icons/i_highway.png">http://goose.eea.europa.eu/ArcGIS/rest/services/clc2000_F9v07_EPSG3035/MapServer</mapservice-->			
			
			<mapservice label="Louisville Landbase" type="dynamic" visible="false" alpha="0.4">http://sampleserver1.arcgisonline.com/ArcGIS/rest/services/Louisville/LOJIC_LandRecords_Louisville/MapServer</mapservice>
		</livemaps>
	</map>
	<navtools>
		<navtool label="Zoom In" icon="com/esri/solutions/flexviewer/assets/images/icons/i_zoomin.png" menu="menuNav">zoomin</navtool>
		<navtool label="Zoom Out" icon="com/esri/solutions/flexviewer/assets/images/icons/i_zoomout.png" menu="menuNav">zoomout</navtool>
		<navtool label="Full Extent" icon="com/esri/solutions/flexviewer/assets/images/icons/i_zoomfull.png" menu="menuNav">zoomfull</navtool>
		<navtool label="Pan" icon="com/esri/solutions/flexviewer/assets/images/icons/i_pan.png" menu="menuNav">pan</navtool>
	</navtools>
	<widgets>
		<widget label="Overview Map" preload="minimized" icon="com/esri/solutions/flexviewer/assets/images/icons/i_overview.png" menu="menuMap" config="com/esri/solutions/flexviewer/widgets/OverviewMapWidget.xml">com/esri/solutions/flexviewer/widgets/OverviewMapWidget.swf</widget>	
		<widget label="Bookmarks" preload="minimized" icon="com/esri/solutions/flexviewer/assets/images/icons/i_bookmark.png"  config="com/esri/solutions/flexviewer/widgets/BookmarkWidget.xml">com/esri/solutions/flexviewer/widgets/BookmarkWidget.swf</widget>	
		<widget label="Filter Live Maps" invisbtns="close" preload="minimized" icon="com/esri/solutions/flexviewer/assets/images/icons/i_folder.png"  menu="menuWidgets"  config="com/esri/solutions/flexviewer/widgets/FilterLiveMapsWidget_search.xml">com/esri/solutions/flexviewer/widgets/FilterLiveMapsWidget.swf</widget>
		<widget label="Print" icon="com/esri/solutions/flexviewer/assets/images/icons/i_print.png" menu="menuMap" config="com/esri/solutions/flexviewer/widgets/PrintWidget.xml">com/esri/solutions/flexviewer/widgets/PrintWidget.swf</widget>
		<!--widget label="Earthquakes" icon="com/esri/solutions/flexviewer/assets/images/icons/i_rss.png" menu="menuWidgets" config="com/esri/solutions/flexviewer/widgets/GeoRSSWidget.xml">com/esri/solutions/flexviewer/widgets/GeoRSSWidget.swf</widget-->
		<!--widget label="Locate" icon="com/esri/solutions/flexviewer/assets/images/icons/i_pushpin.png" menu="menuWidgets" config="com/esri/solutions/flexviewer/widgets/LocateWidget.xml">com/esri/solutions/flexviewer/widgets/LocateWidget.swf</widget-->
		<!--widget label="Police Facilities" icon="com/esri/solutions/flexviewer/assets/images/icons/i_policestation.png" menu="menuWidgets" config="com/esri/solutions/flexviewer/widgets/LiveLayerWidget2.xml">com/esri/solutions/flexviewer/widgets/LiveLayerWidget.swf</widget-->
		<!--widget label="Traffc Cameras" icon="com/esri/solutions/flexviewer/assets/images/icons/i_camera.png" menu="menuWidgets" config="com/esri/solutions/flexviewer/widgets/LiveLayerWidget.xml">com/esri/solutions/flexviewer/widgets/LiveLayerWidget.swf</widget-->
		<widget label="Search All" preload="minimized" icon="com/esri/solutions/flexviewer/assets/images/icons/i_search.png" menu="menuWidgets" config="com/esri/solutions/flexviewer/widgets/SearchWidget_test.xml">com/esri/solutions/flexviewer/widgets/SearchWidgetAllLayers.swf</widget>	
		<widget label="Draw" icon="com/esri/solutions/flexviewer/assets/images/icons/i_draw.png" menu="menuWidgets" config="com/esri/solutions/flexviewer/widgets/DrawWidget.xml">com/esri/solutions/flexviewer/widgets/DrawWidget.swf</widget>	
		<!--widget label="Service Area" icon="com/esri/solutions/flexviewer/assets/images/icons/i_servicearea.png" menu="menuWidgets" config="com/esri/solutions/flexviewer/widgets/ServiceAreaWidget.xml">com/esri/solutions/flexviewer/widgets/ServiceAreaWidget.swf</widget-->
		<widget label="Identify"  preload="minimized" icon="com/esri/solutions/flexviewer/assets/images/icons/i_info.png" menu="menuWidgets" config="com/esri/solutions/flexviewer/widgets/IdentifyWidget.xml">com/esri/solutions/flexviewer/widgets/IdentifyWidget.swf</widget>
		<!--widget label="About" icon="com/esri/solutions/flexviewer/assets/images/icons/i_about.png" menu="menuHelp" config="com/esri/solutions/flexviewer/widgets/AboutWidget.xml">com/esri/solutions/flexviewer/widgets/AboutWidget.swf</widget-->
		<!--widget label="Demographics" icon="com/esri/solutions/flexviewer/assets/images/icons/i_demographics.png" menu="menuWidgets" config="com/esri/solutions/flexviewer/widgets/ChartWidget.xml">com/esri/solutions/flexviewer/widgets/ChartWidget.swf</widget-->
	</widgets>
	<links>
		<link label="Hjælp" icon="com/esri/solutions/flexviewer/assets/images/icons/i_hjaelp.jpg" menu="menuHelp">help.html</link>
		<link label="Hjem" icon="com/esri/solutions/flexviewer/assets/images/icons/i_home.png" menu="menuHelp">http://www.ens.dk</link>
		<link label="Ressourcer" icon="com/esri/solutions/flexviewer/assets/images/icons/i_resources.png" menu="menuHelp">http://resources.esri.com</link>
	</links>
	<proxytype>php</proxytype>
	<!-- apache|jsp|asp|php -->
</configuration>
